Ticker,Description,Price,Change %,Weekly Performance,Monthly Performance,3-Month Performance,6-Month Performance,Yearly Performance,Industry,Relative Volume,Volatility,Volatility Week,Volatility Month,Volume,Average Volume (60 day),Shares Float,Market Capitalization,Upcoming Earnings Date,52 Week High,52 Week Low,Simple Moving Average (50),Simple Moving Average (10),Simple Moving Average (20),Simple Moving Average (100),Simple Moving Average (200)
KNX,Knight-Swift Transportation Holdings Inc.,56.58,2.11153221,2.87272727,-0.59732959,8.4115731,14.04958678,8.32854681,Trucking,1.03955434,3.30862412,2.31500392,3.44640598,9530062,1877732.68333333,150251073.048,9105857858,2023-04-19,64.35,42.5,52.197,57.895,56.2975,52.3274,45.8004
EXTR,"Extreme Networks, Inc.",19.12,7.47611017,8.75995449,1.75625333,3.91304348,48.21705426,57.23684211,Telecommunications Equipment,0.72402069,5.64648118,2.6932862,3.65562706,5368368,1417864.41666667,126107080.854,2469968248.0000005,2023-05-03,21.03,8.49,14.88,18.368,18.768,13.267,9.705375
CIEN,Ciena Corporation,52.52,6.68291692,7.60090145,9.03051692,4.30983118,28.31663816,-14.09878966,Telecommunications Equipment,1.2877308,1.40817901,2.67011374,3.43190994,10457911,1670696.23333333,146970927.84,7833870638,2023-06-01,61.78,38.33,48.318,49.363,48.98,54.127,50.18255
STLD,"Steel Dynamics, Inc.",113.06,4.30851555,7.70696389,-10.87110761,15.24974516,59.77953646,34.21177588,Steel,0.7251859,2.11033117,2.37867928,4.56087297,6894070,1875034.73333333,161078455.868,19398574089,2023-04-19,136.46,62.44,92.4304,119.468,112.04,78.9076,55.55155
NUE,Nucor Corporation,154.47,3.91523713,6.08474693,-9.37518334,16.56353758,47.14231282,3.41434023,Steel,0.6805006,2.39348371,1.84164614,3.53261959,6201565,1848567.43333333,250299775.157,38915513139,2023-04-20,187.9,100.125,137.9634,162.27,153.582,125.5878,88.4622
DKS,Dick's Sporting Goods Inc,141.89,2.50686317,2.81884058,11.51367494,19.91042001,33.79537954,36.2754514,Specialty Stores,1.10246281,3.59019264,2.88351144,3.05865699,7319581,1359455.88333333,57467011.497,11835309087,2023-05-24,152.6081,63.45,109.4692,135.303,127.262,110.4311,79.11195
ASO,"Academy Sports and Outdoors, Inc.",65.25,0.46189376,2.83687943,10.7621796,25.43252595,50.93684941,65.94608342,Specialty Stores,0.89779783,3.90575585,2.7848583,3.73485968,5908131,1341892.95,75779734.1218,5021285992,2023-06-06,67.7,25.1,47.2712,61.156,56.7235,43.4187,
SBH,"Sally Beauty Holdings, Inc. (Name to be changed from Sally Holdings, Inc.)",15.58,3.52159468,4.49362844,-2.38095238,26.15384615,20.58823529,-0.95359186,Specialty Stores,0.76466488,2.15123859,2.40657755,3.5029001,5072024,1330316.2,105480043.317,1672179549,2023-05-04,18.42,10.95,13.9712,15.898,14.375,16.2833,15.00715
TGT,Target Corporation,165.63,6.02355652,7.05144778,-1.50451951,12.49745296,9.26182466,-24.1377731,Specialty Stores,1.01068093,3.45448897,2.33072246,2.76656299,15540621,3257567.35,458773902.744,76250093832,2023-05-24,254.87,137.16,165.0564,166.086,161.458,200.0039,167.28325
MNSO,MINISO Group Holding Limited,17.74,8.03897686,2.27731335,-5.13368984,67.35849057,256.9416499,117.13586291,Specialty Stores,1.41329523,4.25407925,5.02303047,5.80218485,12537355,1823204.41666667,314043385.369,5769371350.831049,2023-05-25,19.49,4.45,9.487,16.837,14.3375,11.8214,
RDN,Radian Group Inc.,22.1,2.93432697,8.97435897,4.09797456,15.82809224,14.2118863,-2.03900709,Specialty Insurance,0.49038783,1.35166094,1.77028814,3.44295179,6089755,2285816.7,155711298.782,3473963523,2023-05-02,23.835,17.835,20.6708,21.769,20.4905,21.6597,20.95175
NXPI,NXP Semiconductors N.V.,186.475,5.62163693,2.76935795,4.01907737,19.89648299,24.52420701,-1.04802335,Semiconductors,1.10390266,3.58172544,2.79204468,3.34343213,11036664,2075926.18333333,259040446.964,48393883411,2023-05-01,198.28,132.08,169.6471,182.2605,174.36925,186.28345,157.583525
FSLR,"First Solar, Inc.",217.5,3.03173851,4.55222804,20.46524508,48.08006536,67.43648961,164.21282799,Semiconductors,0.55160902,2.21504168,2.91135925,4.23628039,6788712,2487153.21666667,99686664.412,23187477664.999996,2023-04-27,219.55,59.6,130.2691,188.342,175.3605,109.08725,87.439775
STM,STMicroelectronics N.V.,53.49,8.69741922,6.53256323,9.05198777,51.70164492,74.23452769,20.14824798,Semiconductors,1.07521985,1.47867299,2.15696038,2.82908153,20082171,3769754.51666667,903138424.136942,48451945365.26503,2023-04-26,53.53,28.35,38.6192,48.965,43.6405,40.7747,34.48375
ON,ON Semiconductor Corporation,82.32,5.79617016,3.13204711,5.37634409,33.7883959,31.25,27.85586705,Semiconductors,1.19988334,1.86327739,3.85315836,4.58571265,41818874,7241716.36666667,429326947.648,35559597026,2023-04-26,87.55,44.76,66.4046,79.223,73.284,58.568,41.34335
SWKS,"Skyworks Solutions, Inc.",117.98,2.64485819,2.56454838,5.62220233,31.89491336,33.61268403,-13.51073968,Semiconductors,0.68174548,1.53925531,2.0392829,2.74381999,6415545,1861924.4,158494057.49400002,18755772741,2023-05-02,136.2,76.16,101.6591,114.3255,104.60375,131.08965,127.082575
INTC,Intel Corporation,32.67,11.27384196,12.5,30.52337195,26.12925643,24.22053232,-36.19140625,Semiconductors,1.22796232,3.68736212,3.59269004,3.8281108,287564516,47431842.2,4134232347,135155782425.00002,2023-04-27,49.23,24.59,32.6288,28.449,28.4425,42.3271,48.60575
INDI,"indie Semiconductor, Inc.",10.55,7.98362334,-2.40518039,0.38058991,85.0877193,41.23159304,34.39490446,Semiconductors,0.62600058,3.15789474,3.87227177,5.1427241,6389222,1914262.4,102120840.808,1563572764,2023-05-15,11.12,5.07,7.7078,9.682,8.3605,8.8767,
ASML,ASML Holding N.V. - New York Registry Shares,680.71,5.12408691,3.75806906,9.6027823,25.85696853,64.42270531,-0.55223597,Semiconductors,0.84792379,1.4179632,1.84614673,2.74472384,4269843,1022737.61666667,394359717.987242,272815273075.2763,2023-04-19,698.59,363.1501,553.846,647.419,621.954,642.45295,499.674925
ARRY,"Array Technologies, Inc.",21.88,18.46237141,12.49357326,15.70597567,15.82848068,33.41463415,93.62831858,Semiconductors,1.07154949,8.96927651,5.72404038,8.25940955,27086249,5251930.76666667,144545255.68,3298823195,2023-05-09,24.59,5.445,17.025,19.893,20.5665,16.3536,
ALGM,"Allegro MicroSystems, Inc.",47.99,3.56063876,2.34591597,9.14259723,63.12032631,118.23556162,63.50936968,Semiconductors,0.61193075,1.84010152,2.9520873,4.16838571,5086699,1572762.95,69632308.8,9190482211,2023-05-09,48.3,19.2022,29.045,43.63,37.3725,29.1406,
NVDA,NVIDIA Corporation,277.77,3.72680085,2.75979431,19.76974819,93.78401005,129.80888558,-0.01799726,Semiconductors,0.75348241,2.69068438,2.18745772,3.79449454,190926627,50471690.65,2369396900,686091872864,2023-05-24,278.3431,108.13,174.8234,234.54,198.042,202.9386,146.2900375
AMD,"Advanced Micro Devices, Inc.",98.01,0.06125574,-1.17967332,24.77402928,53.69295907,54.06743693,-15.73381481,Semiconductors,0.92306751,3.24341346,3.15874184,4.7576461,287476639,63155733.66666666,1596391181.8799999,157932171280,2023-05-02,110.9391,54.57,80.5894,85.755,77.478,95.8178,77.5552
GFS,GlobalFoundries Inc.,72.18,4.53294714,3.97579948,10.0472633,36.11163492,45.2021726,7.21925134,Semiconductors,0.76535343,3.03375588,3.25644339,3.8482354,6049674,1572220.86666667,74034023.088,39343369165,2023-05-09,72.5,36.81,57.2236,65.753,62.7775,,
MRVL,"Marvell Technology, Inc.",43.3,5.44259101,4.21179302,-4.54144621,20.68004459,2.19494926,-40.93575228,Semiconductors,0.82945505,1.60421546,2.83360793,4.85637623,48954618,12175371.4,852727753.9000001,37103770403.00001,2023-05-26,73,33.75,46.3493,43.0425,41.65475,55.87185,44.7396
KLAC,KLA Corporation,399.17,6.42546725,3.70745648,6.78133861,6.5732212,31.76971578,6.4879285,Semiconductors,0.8958472,1.78041921,2.40610431,3.54462714,5018581,1177891.45,138101395.68,55276970391.00001,2023-04-27,429.46,250.2,357.6242,388.212,389.6445,356.3511,277.62225
LSCC,Lattice Semiconductor Corporation,95.5,5.19938312,2.809775,11.59149334,51.97326544,93.2025086,52.33689584,Semiconductors,0.93044159,2.50342642,3.04187937,4.38305874,7689150,1645019.71666667,135454393.158,13120020706,2023-05-02,96.82,43.41,62.4822,85.68,77.3445,62.0582,45.10365
MCHP,Microchip Technology Incorporated,83.78,5.47652021,2.94912755,2.96177953,20.84234819,36.47173807,9.11695754,Semiconductors,0.93816364,2.03039514,2.60589997,3.2500301,22852566,4880680.81666667,536417181.488,45894339702,2023-05-08,87.76,54.33,70.246,81.666,77.6915,73.23595,63.7454375
RMBS,"Rambus, Inc.",51.26,15.60667569,13.86050644,14.54748603,42.86510591,101.73160173,58.74883865,Semiconductors,1.79573378,2.34390584,5.04017779,4.0547065,9281757,1093063.61666667,106646196.479,5528450576,2023-05-08,51.305,20,31.9292,44.474,41.124,28.3415,21.6341
JKS,JinkoSolar Holding Company Limited,51.02,6.51356994,10.91304348,-9.18476326,25.07967639,-0.93203883,1.43141153,Semiconductors,0.63501917,2.80318091,2.68240995,4.97453347,2452046,907193.7,50058033.006982,2566168129,2023-06-29,76.92,38.43,54.405,51.094,50.318,50.9273,40.93685
MU,"Micron Technology, Inc.",60.34,-1.34074559,-0.27270474,4.28620809,22.03458388,19.39058172,-22.31234711,Semiconductors,2.20958184,5.32554257,3.74340488,3.61733124,146791919,15267900.86666667,1089402864.77,66035758816.99999,2023-06-29,78.18,48.43,59.1456,59.316,57.2055,69.2564,62.583775
CSIQ,Canadian Solar Inc.,39.81,3.08130502,5.03957784,-2.25877731,32.61159227,7.65278529,12.99386921,Semiconductors,0.86142247,3.0048383,4.41917642,5.74826854,4734634,1214111.18333333,50528451.904,2558541881,2023-05-18,47.69,22.15,35.5545,39.275,37.5835,35.42595,32.0394
QCOM,QUALCOMM Incorporated,127.58,2.26033985,3.19501739,3.06996284,18.16245253,12.14838256,-16.55165647,Semiconductors,0.82362758,1.3302716,2.00592123,2.88983401,30878896,7753607.58333333,1112396475,142251702041.99997,2023-04-26,156.66,101.93,127.8148,126.133,122.3565,139.917,121.0494
QRVO,"Qorvo, Inc.",101.57,0.64407451,-0.2259332,0.47482441,14.50958286,25.70544554,-20.35599467,Semiconductors,0.74788127,1.82054616,2.44787131,3.24416327,5016385,1323099.56666667,99215447.346,10145747391.000002,2023-05-03,125.38,75.38,98.2568,102.272,99.212,129.6509,123.73645
YUMC,"Yum China Holdings, Inc.",63.39,2.77237354,0.77901431,4.41442925,15.23359389,33.20025215,44.33060109,Restaurants,0.57139127,1.50135761,1.80469199,2.82751379,5276646,1836873.55,404269087.824,26522423719.999996,2023-05-02,64.5718,36.049,50.8582,60.782,58.3395,53.2537,51.69245
SHAK,"Shake Shack, Inc.",55.49,5.57458143,3.17962068,-1.14021023,35.20955166,19.51324575,-17.3887152,Restaurants,0.79960865,3.40347667,2.64707176,3.72713072,3354156,915852,37171438.56980001,2340890802.9999995,2023-05-04,70.82,37.7175,49.9438,55.733,52.397,65.1501,70.51375
EAT,"Brinker International, Inc.",38,6.20458357,5.29232474,-0.02630887,15.2562936,49.84227129,1.14453021,Restaurants,0.99281587,2.92128753,3.4205454,4.54509781,5236136,1072378.33333333,43061174.03140001,1674389641,2023-05-03,42.12,21.47,31.8044,38.122,36.43,39.1337,40.8672
BLMN,"Bloomin' Brands, Inc.",25.65,2.8468324,2.06923995,-1.79938744,26.1682243,37.90322581,17.76859504,Restaurants,0.73956161,1.7430474,1.70489015,3.33678898,5898975,1646288.6,83092446,2234089096.0000005,2023-04-27,28.46,15.89,21.7298,25.522,23.7855,22.7124,20.331875
HAYW,"Hayward Holdings, Inc.",11.72,7.03196347,7.81968721,-6.16493195,25.88614393,31.68539326,-32.17592593,Recreational Products,0.62712258,4.5212766,2.12189207,3.41663018,5615076,1914827.96666667,180851595.602,2491943239.0000005,2023-05-03,17.84,7.97,11.9376,12.343,11.285,16.9997,
REXR,"Rexford Industrial Realty, Inc.",59.65,6.49883949,10.54484804,-0.58333333,9.67089539,16.663407,-21.64718245,Real Estate Investment Trusts,0.76862799,2.8224427,1.59441014,2.71824302,5121063,1323248.46666667,196279937.928,11735174823,2023-04-19,84.68,48.74,60.2542,60.358,58.165,63.1065,54.42665
CUBE,CubeSmart,46.22,2.43794326,5.021586,-0.70891515,13.73031496,17.19066937,-13.21817499,Real Estate Investment Trusts,0.74259735,2.30037602,2.01602181,2.7098098,7841124,2103757.96666667,222816655.413,10382466100,2023-04-27,54.95,36.82,43.6072,45.991,43.537,47.1016,39.75355
UE,Urban Edge Properties,15.06,6.13107822,10.49156273,-1.88925081,7.80243379,14.17740713,-22.76923077,Real Estate Investment Trusts,0.98073198,4.38356164,2.4778787,3.13242522,4914599,1005286.83333333,116338346.4,1769326686,2023-05-09,19.85,12.91,15.5654,15.096,14.996,17.1184,16.0256
LSI,"Life Storage, Inc.",131.09,4.49581507,7.07342971,9.26898391,32.09391374,19.55312358,-8.3414907,Real Estate Investment Trusts,0.60539962,2.32431592,1.55791064,3.11629914,3412392,1088458.61666667,84513633.1728,11287219435,2023-05-03,151.76,94.02,115.2024,120.52,111.555,120.366,96.31308168
PLD,"Prologis, Inc.",124.77,6.6136888,10.17218543,2.48049281,10.31830239,22.04832241,-24.33137243,Real Estate Investment Trusts,1.10526389,2.42073519,1.53785911,2.86759157,16221800,3060748.48333333,919087036.842,118115266113,2023-04-18,174.54,98.03,121.8682,123.801,120.109,131.3824,112.4523
UDR,"UDR, Inc.",41.06,6.09819121,8.76821192,-4.22206671,6.04338843,-1.25060125,-29.60740614,Real Estate Investment Trusts,0.78339144,3.02009235,1.7883758,2.75209315,9910340,2502799.03333333,327236758.074,13515539511,2023-04-25,60.01,37.18,43.6386,41.939,40.832,49.0174,45.4605
SKT,"Tanger Factory Outlet Centers, Inc.",19.63,4.74919957,7.50273823,4.52609159,9.78747204,43.49415205,11.91562144,Real Estate Investment Trusts,1.21385469,4.76442562,2.62321747,3.06782743,5788618,962026.83333333,101053223.43,2051294175.9999995,2023-04-27,20.27,13.255,17.1654,18.736,18.6805,17.5272,14.65235
WELL,Welltower Inc.,71.69,6.2388856,9.5507335,-2.52889191,9.21694089,12.54317111,-26.7422849,Real Estate Investment Trusts,0.97275612,2.10586227,1.89139698,2.88515385,11064212,2307917.03333333,489911468.5079999,35174270450,2023-04-26,99.43,56.5,74.938,72.962,70.669,79.7524,74.5418
EPRT,"Essential Properties Realty Trust, Inc.",24.85,4.76391231,8.04347826,-2.85379203,6.97374085,27.69784173,-2.62539185,Real Estate Investment Trusts,0.67094441,2.40816327,1.33654017,2.74464722,3135740,957019.38333333,142478911.88099998,3600882797,2023-04-26,26.75,18.88,23.0428,25.003,24.201,25.3447,22.9945
HGV,Hilton Grand Vacations Inc.,44.43,6.62347012,6.29186603,-6.71845476,16.58357387,31.44970414,-15.86820678,Real Estate Development,0.75466006,2.5602926,1.88855151,3.37997335,3695192,955917.66666667,79135778.118,4984105585,2023-05-08,52.69,32.12,41.8548,45.602,43.822,44.5573,36.67765
Z,"Zillow Group, Inc.",44.47,2.39465807,3.46672871,5.94401429,42.48638257,51.64535379,-16.09433962,Real Estate Development,0.58063169,3.86226152,3.39572087,4.11026404,8797985,3243295.45,156203699.344,10376995299,2023-05-04,54.29,26.1419,37.0537,43.163,39.992,58.9775,67.0181
WPM,Wheaton Precious Metals Corp,48.16,2.35919235,2.44628802,14.63937158,21.1572327,52.116235,-0.70103093,Precious Metals,0.86374954,1.50659134,2.322397,3.18126359,10490254,2480256.53333333,451121366.345,21769043350.7697,2023-05-04,51.905,28.62,38.6014,43.836,42.1875,41.1476,38.81815
EGO,Eldorado Gold Corporation,10.36,5.39165819,5.17766497,9.39809926,24.51923077,76.49063032,-8.31858407,Precious Metals,0.94683889,3.17382812,3.64885725,4.21355999,8666516,1887111.01666667,183369901.056,1914534038.4,2023-04-27,12.4851,5.06,7.6704,9.456,8.879,8.7557,9.1594
AU,AngloGold Ashanti Limited,24.19,8.67026056,9.25925926,41.9600939,24.75502837,78.92011834,0.74968763,Precious Metals,1.09169004,2.12165552,2.28667208,3.12132693,17689484,3308101.91666667,419170580.829,10075852459.5996,2023-08-04,24.97,11.94,17.2354,19.849,19.79,18.6747,20.6216
AGI,Alamos Gold Inc.,12.23,3.99659864,4.61933276,18.9688716,20.96933729,68.92265193,47.88391778,Precious Metals,0.90070058,2.30737365,2.79804786,3.39644176,15678227,3589595.36666667,391939645.578,4811996660.420606,2023-04-26,12.3485,6.35,8.7622,10.887,10.5025,8.3095,7.8889
OR,Osisko Gold Royalties Ltd,15.82,5.3964024,5.25615436,19.57671958,31.39534884,60.44624746,20.67124333,Precious Metals,1.22960431,1.72966047,2.43204546,3.20508836,4946255,910641.1,183128734.812,2913854299.239701,2023-05-04,15.88,9.195,11.7206,13.722,13.172,12.22,11.4053
NEM,Newmont Corporation,49.02,0.96807415,1.74346202,10.77966102,3.00483295,17.32886549,-38.63294942,Precious Metals,0.75354246,1.17598515,1.67958564,2.84234518,29680609,7808422.36666667,792425499.144,38911785546,2023-04-27,86.37,37.45,51.245,47.271,48.0165,57.3871,54.928
PAAS,Pan American Silver Corp.,18.2,1.05496946,0.4415011,20.29081295,8.98203593,17.11711712,-33.9862169,Precious Metals,1.35022914,3.2814238,3.11225713,4.29514936,27236678,4248902.81666667,209886943.311,3834391117.2181673,2023-05-10,30.56,13.4,18.1634,16.872,16.8975,22.3454,23.796075
GFI,Gold Fields Limited,13.32,4.0625,5.04731861,43.37997847,26.97807436,67.54716981,-14.23052157,Precious Metals,1.15131406,3.21100917,2.21925729,3.29486587,31754306,5726851.56666667,893410054.304,11795369946.437698,2023-08-17,16.92,7.03,10.1558,10.907,11.0275,10.4979,9.28255
TGTX,"TG Therapeutics, Inc.",15.04,2.31292517,1.55300473,-6.87306502,37.85517874,153.1986532,52.22672065,Pharmaceuticals: Major,0.78200582,6.77304469,4.59394227,6.8177721,15240147,4280189.03333333,132474029.478,2201301449,2023-05-10,19.59,3.48,8.7728,15.941,12.821,16.7167,19.275275
APLS,"Apellis Pharmaceuticals, Inc.",65.96,4.64858004,4.78157268,0.96433492,29.15606031,1.49253731,33.33333333,Pharmaceuticals: Major,0.65981909,2.37046042,3.067715,4.1103959,5766990,1685686.63333333,95155097.895,7550131183,2023-05-03,70.755,33.32,53.9316,60.014,55.404,51.1639,42.8879
RVNC,"Revance Therapeutics, Inc.",32.21,1.60883281,3.1049936,-3.85074627,75.24483134,25.42834891,65.7745754,Pharmaceuticals: Major,0.81191709,4.08097686,4.32801534,5.75634248,5343152,1606904.66666667,77782187.81850001,2666998834.9999995,2023-05-09,36.61,11.27,22.5924,32.597,27.671,22.149,21.6417
VKTX,"Viking Therapeutics, Inc.",16.65,88.13559322,80.78175896,51.22615804,79.80561555,509.89010989,447.69736842,Pharmaceuticals: Major,10.66725066,8.17455439,12.71872626,9.14945287,110938881,3798801.81666667,67879445.6925,1305668550,2023-05-04,17.6,2.02,5.3186,11.014,8.7015,5.2384,6.00685
PRVB,"Provention Bio, Inc.",24.1,0.87902888,0.83682008,190.36144578,134.66407011,447.72727273,221.7623498,Pharmaceuticals: Major,0.84770943,1.08153078,0.9475725,3.16671144,9891445,2227730.2,86834658.9058,2284219152.0000005,2023-05-04,24.3,3.185,7.5177,13.314,11.343,7.02045,9.5585
ETNB,"89bio, Inc.",15.23,-6.39213276,-11.96531792,12.15022091,24.32653061,178.93772894,302.91005291,Pharmaceuticals: Major,1.20769448,9.76095618,7.13752341,10.74522318,13124625,2127789.16666667,63524104.7441,1053210729.9999998,2023-05-10,18.03,2,7.6564,13.574,11.9355,10.9374,
CTLT,"Catalent, Inc.",65.71,2.24054769,5.28761416,-2.8677014,47.39793629,-11.66823498,-40.76978547,Pharmaceuticals: Major,0.50685414,2.30971942,3.83536963,4.59679692,5853925,2353947.76666667,173271972.69000003,11833745579.000002,2023-05-02,115.335,40.69,77.9006,65.878,55.9475,97.1847,86.1909
SRPT,"Sarepta Therapeutics, Inc.",137.83,5.86834626,6.86981469,-4.28472222,8.38248014,26.14863628,74.49044183,Pharmaceuticals: Major,0.70551139,2.30381043,2.29441761,4.33841308,5134365,1422453.25,82662250.3803,12126542707.000002,2023-05-03,159.835,61.28,106.4188,130.021,126.6835,93.143,107.07495
RETA,"Reata Pharmaceuticals, Inc.",90.92,6.10339596,4.07509158,3.50637523,147.26679358,262.37544839,188.54331958,Pharmaceuticals: Major,0.4215483,5.85160777,5.12801094,7.03906493,3566988,1527889.86666667,27821599.6515,3365297094.9999995,2023-05-11,95,18.47,38.1654,66.496,51.8655,59.5636,98.2793
ACAD,ACADIA Pharmaceuticals Inc.,18.82,3.17982456,3.3498078,-9.47570948,19.11392405,17.25856698,-23.18367347,Pharmaceuticals: Major,0.73891973,2.38605898,3.00584356,4.14515444,5952334,1582835.16666667,159953264.17999998,3053172203.0000005,2023-05-03,28.055,12.24,17.0788,19.323,17.7785,19.42,30.339075
ISEE,"IVERIC bio, Inc.",24.33,0.66197766,1.79916318,10.59090909,17.53623188,41.20719675,49.08088235,Pharmaceuticals: Generic,0.61765736,3.81711409,3.42256276,5.64186922,7683818,2407165.5,132555014.66800001,3336186643,2023-05-10,26.35,8.85,17.2084,22.649,21.9445,15.10445,9.8221205
DOCN,"DigitalOcean Holdings, Inc.",39.17,11.50014233,10.90033975,22.86700125,58.71150729,8.08498896,-34.60767947,Packaged Software,1.17400513,8.83369923,4.72793773,5.90497685,9291153,1580210.7,57747403.5886,3797772668,2023-05-04,61.51,23.375,36.4876,33.169,30.2955,51.1531,
INTU,Intuit Inc.,445.83,3.78518053,3.9909498,10.08148148,15.49700785,12.79125661,-6.6656897,Packaged Software,0.9299195,1.80067991,1.91556178,3.00676647,7536409,1625931.48333333,272553525.006,125076005428.99998,2023-05-23,507.71,339.36,410.0212,417.431,404.5545,472.7929,390.2041
TTWO,"Take-Two Interactive Software, Inc.",119.3,0.99898408,0.4039724,8.54335365,19.09753419,8.91993061,-23.56973541,Packaged Software,0.5687819,2.85322594,1.9138686,2.80985393,5086743,1779483.1,155322518.32500002,20122871947,2023-05-15,157.09,90,116.7656,113.745,108.538,141.8128,144.07845
VRNS,"Varonis Systems, Inc.",26.01,1.08822386,0.23121387,-4.33983082,12.694974,-2.80269058,-44.90574031,Packaged Software,0.69573803,6.27291242,3.2495371,4.05988992,4097709,1179647.66666667,103576202.97600003,2799096084,2023-05-01,51.6,15.61,27.709,26.48,24.725,40.2567,37.30208475
CXM,"Sprinklr, Inc.",12.96,22.3796034,22.61116367,19.33701657,67.44186047,42.10526316,7.10743802,Packaged Software,2.31099349,2.81338583,3.05841705,3.62144229,10831727,1021857.11666667,71957721.38399999,3382989175,2023-06-14,15.05,7.25,10.4484,10.845,9.602,,
SPLK,Splunk Inc.,95.88,5.85118128,6.10889774,-7.01192901,13.05270605,22.97037322,-32.56909769,Packaged Software,0.76550238,3.97121679,2.36004071,3.84466348,6904326,1791877.36666667,150671365.5,15868139545,2023-05-25,150.79,65,93.9944,97.841,91.552,114.0934,134.9362
U,Unity Software Inc.,32.44,12.95264624,11.01984942,4.98381877,16.64868752,3.2134903,-68.10226155,Packaged Software,0.70090005,11.32398221,5.75931269,6.26185571,38818024,11014762.61666667,234870091.116,12157287461,2023-05-09,109.99,21.22,37.5758,32.631,32.3445,78.3655,
PD,"PagerDuty, Inc.",34.98,10.5562579,10.8365019,17.42195368,34.33179724,51.3630463,-1.38144911,Packaged Software,0.91657938,7.76463452,3.70362169,5.57193737,6530660,1401091.83333333,85451481.2372,3195783988,2023-06-02,36.93,19.51,26.3036,30.52,27.768,32.0381,32.1278
ADSK,"Autodesk, Inc.",208.16,3.9656378,3.52613518,4.35131341,12.65288451,10.07350219,-5.13171087,Packaged Software,1.02157934,3.35131924,1.97473012,3.1441002,7194613,1438069.4,214081518.722,44709167532,2023-05-25,235.005,163.2,200.0212,207.882,202.319,236.7397,225.64595
RBLX,Roblox Corporation,44.98,3.56896155,1.58084914,20.68687953,69.99244142,28.58776444,-7.2003301,Packaged Software,0.55123977,5.43478261,3.97022364,5.37792849,35325849,12770572.46666667,430808324.968,27218976328,2023-05-09,53.88,21.65,36.6764,40.247,35.5945,57.8429,
TTD,"The Trade Desk, Inc.",60.91,0.76095947,2.0780962,9.25560538,38.36892322,0.39558266,-15.13167061,Packaged Software,0.64892415,2.97129428,2.98591633,4.4866297,15327524,4658045.78333333,442256602.398,29877424151,2023-05-11,76.75,39,53.0368,55.952,51.5865,64.17404,54.00238
NOW,"ServiceNow, Inc.",464.72,7.35042735,5.89977896,7.58901699,21.08389786,20.70649351,-19.03691702,Packaged Software,0.86090903,5.83646574,2.2805584,3.0981197,6861709,1647908.75,201908266,94338160248,2023-04-26,575.81,337,434.8958,445.172,422.6255,509.9,449.1248
VEEV,Veeva Systems Inc.,183.79,4.6759312,5.93083573,10.14623037,14.56086767,11.25302663,-14.50037216,Packaged Software,0.68676991,2.80555556,1.91885373,3.14795596,3315595,969676.28333333,139852971.66099998,28574698521,2023-05-25,232.26,151.02,180.5042,173.069,171.2125,226.554,219.1835
DV,"DoubleVerify Holdings, Inc.",30.15,3.07692308,4.46985447,14.03177005,39.90719258,9.9161502,17.7734375,Packaged Software,0.62370123,4.50382309,2.90056234,4.29724109,5532270,1697348.13333333,101163302.514,4990945625,2023-05-23,32.43,17.22,25.1912,27.356,25.658,28.6358,
CFLT,"Confluent, Inc.",24.07,15.72115385,11.1778291,-1.55419223,12.79287723,3.2161235,-41.85990338,Packaged Software,0.63277776,7.33215548,4.22805248,6.40323677,12518485,3874359.86666667,165680006.25,7007487569,2023-05-04,44.57,16.4828,24.2316,23.803,22.656,,
MDB,"MongoDB, Inc.",233.12,7.53263527,6.36492221,11.17363727,20.06592501,18.69653768,-45.78604651,Packaged Software,0.53717054,6.91330858,3.58419532,5.49402011,4603178,1690848.91666667,67133177.53920001,16327070160,2023-06-01,464.03,135.15,239.4524,215.854,199.0355,328.5011,270.1239
SNAP,Snap Inc.,11.21,-3.02768166,-2.09606987,10.44334975,30.80513419,10.33464567,-69.49659864,Packaged Software,0.80846039,4.21101342,4.91872099,6.12923738,140516227,33688128.51666667,964857839.67,17726848380,2023-04-25,39.8,7.33,12.4928,10.719,10.1425,33.7704,30.79975
SMAR,Smartsheet Inc.,47.8,1.44312394,-0.49958368,7.9006772,23.16413296,40.50558495,-14.64285714,Packaged Software,0.76390871,4.33756565,3.03363487,4.88790372,5330075,1434258.75,125959071.648,6334721594,2023-06-07,58.22,25.09,37.4826,44.316,40.869,51.5323,51.85295
PCOR,"Procore Technologies, Inc.",62.63,5.81179253,4.03654485,-6.80059524,33.028887,24.71127041,6.95013661,Packaged Software,0.81066888,4.21657096,3.54593581,4.39829841,4255521,1022174.13333333,119042258.304,8784037314,2023-05-03,68.56,40,53.1218,61.336,55.3255,,
PLTK,Playtika Holding Corp.,11.26,4.93942218,4.74418605,16.92627207,37.48473748,16.563147,-41.89886481,Packaged Software,1.16931082,3.64464692,2.83305262,4.82103769,6274295,1086442.15,44756047.616,4112961465.000001,2023-05-09,20.31,7.81,11.2146,10.197,9.6705,16.7722,
ADBE,Adobe Inc.,385.37,2.77629614,4.08934986,19.01482397,15.72672673,37.78469019,-16.51248944,Packaged Software,0.78780876,1.43848945,1.68187005,2.7772256,12312994,3079297.15,455273052.3,176769221464,2023-06-15,473.49,274.73,361.3581,359.023,348.7295,461.71155,425.823725
ACIW,"ACI Worldwide, Inc.",26.98,6.76691729,9.40794809,2.11960636,17.91958042,27.80672667,-16.31513648,Packaged Software,1.0177346,2.82786107,2.15685153,4.10294742,4205700,912529.6,106631622.384,2916848935,2023-05-11,30.135,19.68,24.8658,26.434,24.8425,29.2369,30.88385
ZETA,Zeta Global Holdings Corp.,10.83,5.65853659,7.01581028,1.97740113,36.05527638,68.42923795,-9.06801008,Packaged Software,0.63071332,5.19230769,2.94673031,4.62916574,3533313,1070367.31666667,139120018.636,2246357053,2023-05-09,13.46,4.09,7.9458,10.004,9.263,,
SHOP,Shopify Inc.,47.94,6.58070253,6.0619469,16.52892562,39.68531469,80.42905533,-32.33687598,Packaged Software,0.59700046,4.75516866,3.76946303,4.75869654,59462881,19830129.28333334,1143627768.92,61200331920.99999,2023-05-02,74.134,23.6304,37.47672,45.813,41.684,80.3801,76.646495
CRM,"Salesforce, Inc.",199.78,5.11417447,7.12064343,22.57193693,52.95919149,36.82624478,-6.86247086,Packaged Software,0.77939529,1.72597594,1.56351422,2.77245113,34327474,9104376.26666667,965192000,199779998779,2023-05-30,221,126.34,163.4526,176.426,158.6445,204.2444,197.5557
FIVN,"Five9, Inc.",72.29,15.05650167,13.46727358,9.16641498,8.55984382,-5.09386898,-34.36535319,Packaged Software,0.90880376,7.16370003,4.39614957,4.3178523,6286398,1373246.18333333,69660324.5085,5143530745,2023-04-27,121.17,46.61,82.0798,71.538,69.3045,116.4249,111.140475
DOCU,"DocuSign, Inc.",58.3,2.96714942,2.29864889,-4.09606843,7.93897652,5.08291276,-45.55472544,Packaged Software,0.71270623,4.34178787,3.61617502,5.64601607,15789457,4476215.35,199260650.215,11771051489,2023-06-09,113.67,39.57,60.725,59.71,55.9935,134.0417,137.9535
AI,"C3.ai, Inc.",33.57,32.84527107,31.38943249,47.301448,215.5075188,173.14890155,45.89308996,Packaged Software,1.00031003,23.37375965,9.85527536,10.57019269,110845406,20531056.03333334,86325050.15799999,3583633323.9999995,2023-06-01,33.57,10.16,17.4074,24.31,18.2925,29.2246,
CERT,"Certara, Inc.",24.11,1.94503171,4.01207938,31.89277899,50.78173859,81.82503771,9.34240363,Packaged Software,0.59483031,2.37295254,2.50003111,4.76881029,4203453,1329718.78333333,71403219.446,3844541495,2023-05-04,24.83,10.6,17.9704,20.624,18.623,23.2631,
IOT,Samsara Inc.,19.72,8.76999448,8.29214717,18.22541966,65.99326599,64.60767947,16.20506777,Packaged Software,1.43312834,4.43298969,4.89288343,5.95889937,20987541,2888709.76666667,99673857.84465,10423501205,2023-06-02,21.49,8.42,13.3744,17.122,14.4335,,
PATH,"UiPath, Inc.",17.56,10.23226616,6.6180935,18.09011432,41.84168013,40.48,-25.907173,Packaged Software,1.05836487,9.28829916,5.335726,6.13471367,32030065,6371711.96666667,372572178.066,9707785716.000002,2023-06-01,23.28,10.3961,15.7304,15.751,14.36,33.1423,
DT,"Dynatrace, Inc.",42.3,8.10120112,7.99080929,-0.42372881,12.2909477,22.11316397,-11.875,Packaged Software,0.67369216,5.50481363,2.56720303,3.01584507,9791661,2817298.83333333,213457097.596,12226894299,2023-05-17,49.2166,29.41,38.5778,41.633,39.511,48.4238,
FRSH,Freshworks Inc.,15.36,10.98265896,10.74260995,2.67379679,8.55123675,14.20074349,-22.34580384,Packaged Software,0.73446612,6.44067797,3.30367072,4.80289811,6290820,1729862.4,132765612.2541,4414016967,2023-05-02,20.26,10.51,14.5052,15.175,14.809,,
TWLO,Twilio Inc.,66.63,8.37670787,7.99027553,-0.35890534,42.06823028,-5.0313569,-60.45697329,Packaged Software,0.54943585,5.84241241,3.05660334,4.93429902,13049625,4496379.35,174695457.81,12478116429,2023-05-03,176.4,41,73.4588,64.694,56.9485,178.4561,194.70845
HCP,"HashiCorp, Inc.",29.29,4.19779438,-0.94690565,0.30821918,10.03005259,-8.35419274,-47.28221742,Packaged Software,1.00456652,5.92459605,4.00792239,6.67167549,7409382,1504052.98333333,76984759.383,5362848829,2023-06-02,60.03,21.5,31.8708,30.159,28.792,,
CDAY,Ceridian HCM Holding Inc.,73.22,6.87490877,6.40895219,0.49409827,18.03965823,28.54634831,5.51952731,Packaged Software,0.79293278,5.1005079,3.11622142,3.5625814,4734167,1186675.31666667,146428002.29700002,11283683052,2023-05-03,79.66,43.23,61.9244,72.664,69.102,78.4354,75.3437
BILI,Bilibili Inc.,23.5,-1.67364017,-1.83792815,12.17183771,2.08514335,57.71812081,-14.32737878,Packaged Software,0.71903344,8.23783784,3.84677933,6.54672688,24754781,7380344.21666667,325716042.168,9822533094.9621,2023-05-23,33.78,8.23,21.467,22.817,22.6175,44.4043,45.42085
AYX,"Alteryx, Inc.",58.84,4.34474198,4.01272759,-9.78227538,18.36652585,3.35499737,-18.05013928,Packaged Software,0.62169748,5.72492024,2.72361025,3.68871387,3771682,1205729.41666667,58535621.1198,4090755164,2023-05-02,76.35,39.55,55.3608,60.7,54.3365,62.7288,90.8004
OKTA,"Okta, Inc.",86.24,4.85106383,2.93626164,20.54794521,29.47004954,52.63716814,-43.3079148,Packaged Software,0.58884266,3.37708831,2.49681145,4.05287098,7594089,2644501.23333333,148854810.02,13909469448,2023-06-02,161.61,44.1204,78.6932,79.042,71.4825,149.0226,163.66355
UBER,"Uber Technologies, Inc.",31.7,3.08943089,2.45636716,-5.17499252,29.81162981,21.17737003,-13.15068493,Other Transportation,0.72139091,2.09868632,2.68293969,3.72364319,91008726,24536984.98333334,1908626615.28,63714056746,2023-05-03,37.58,19.895,27.9944,32.583,30.0065,34.9956,37.01035
VNT,Vontier Corporation,27.34,7.04776821,7.80757098,4.7911077,43.44176285,60.44600939,9.71107544,Other Transportation,1.13747753,2.15854112,2.07224278,2.88482872,5467550,1033106.18333333,153929704.296,4244368988.000001,2023-05-04,28.45,16.55,22.6164,25.266,22.5715,26.9415,
ATI,ATI Inc.,39.46,4.58521071,6.44726194,-4.26977196,29.93085282,44.4891981,43.33454413,Other Metals/Minerals,0.68107129,1.64821015,2.17175483,3.61732072,4859642,1462717.78333333,126959891.982,5075001084.000001,2023-05-04,43.32,20.515,30.3834,39.086,35.1285,25.413,20.84555
FCX,"Freeport-McMoRan, Inc.",40.91,7.62957117,9.48748829,-3.96713615,7.65789474,46.8940754,-19.11822855,Other Metals/Minerals,0.88164522,2.22470793,2.25201952,3.56007607,55112745,13082779.83333334,1409188159.99,58529680095,2023-04-27,51.78,24.8,35.8128,40.873,40.4115,37.8696,27.08755
CCJ,Cameco Corporation,26.17,8.86023295,9.17813934,-4.41928415,16.36282792,-1.8011257,-8.81533101,Other Metals/Minerals,0.73834112,1.85113768,2.23292213,3.30779126,16615608,4519697.28333333,431463521.116,11319007984.764624,2023-04-28,32.49,20.015,24.9032,26.959,25.305,23.5131,17.1535
SCCO,Southern Copper Corporation,76.25,7.03256597,7.66732561,0.80645161,24.12502035,71.50247413,-0.90968161,Other Metals/Minerals,0.62660187,1.29561079,1.88012122,3.26781948,4156339,1407832.83333333,85211302.4399999,58949003448,2023-05-01,79.315,42.42,59.0054,73.564,68.7905,62.2112,54.0489
ABNB,"Airbnb, Inc.",124.4,6.39753678,4.10041841,1.65474974,48.78603038,18.74761359,-28.31623833,Other Consumer Services,0.61859207,2.98045603,2.11227913,3.51046805,19443843,6199391.9,384060270.464,78611898437,2023-05-11,179.09,81.91,111.263,120.139,107.151,135.9604,
TCOM,Trip.com Group Limited,37.67,4.00331309,1.83833469,1.01903996,11.252215,41.72310008,59.21386306,Other Consumer Services,0.95533469,2.45614035,2.76825257,3.8181483,22879272,4995363.55,618261673.180928,23134760514.52605,2023-05-24,40.17,18.46,28.9686,36.835,35.2335,28.9825,30.5507
EDU,"New Oriental Education & Technology Group, Inc. Sponsored",38.61,2.93255132,-0.23255814,-5.64516129,10.98112372,56,213.90243902,Other Consumer Services,0.609934,2.86607608,4.11110851,5.44537253,6942744,2267635.8,164012431.878,6622314367.941,2023-04-25,46.63,9.29,27.834,40.484,37.7695,31.4901,83.8235
FTI,TechnipFMC plc,13.65,9.11270983,11.15635179,-10.78431373,14.41743504,63.08243728,79.13385827,Oilfield Services/Equipment,0.57335591,1.44177449,2.69654481,4.20725563,16817220,5763046.56666667,435775642.432,6036139138,2023-04-27,16.03,5.475,10.2052,13.86,13.0425,8.7999,10.01187306
VLO,Valero Energy Corporation,139.6,7.99938109,9.10511919,5.35849057,10.76727763,31.3387901,40.40028161,Oil Refining/Marketing,0.92936518,3.50111029,3.32894727,3.9588231,19142775,4215264.2,369467459.064,51812660700,2023-04-27,150.39,96.71,122.7034,134.659,132.0675,100.3318,84.6254
MPC,Marathon Petroleum Corporation,134.83,8.12349639,9.33344145,9.02401553,16.56436414,36.9527679,59.39236316,Oil Refining/Marketing,0.94845204,1.53545085,2.51055102,3.64911398,18518894,3938123.05,444725411.332,60073090087,2023-05-02,136.46,77.62,107.634,127.05,122.3835,86.9417,66.34685
PBF,PBF Energy Inc.,43.36,5.75609756,8.12967581,-1.20756437,5.75609756,27.90560472,83.03081469,Oil Refining/Marketing,0.83723409,3.12352106,4.42255771,5.85956304,11812350,2789342.73333333,114867069.625,5592360215,2023-05-05,49,24.23,37.1126,42.755,41.404,26.1896,21.5252
ET,Energy Transfer LP,12.47,6.58119658,8.24652778,-1.73364854,6.12765957,14.29880843,8.81326353,Oil & Gas Pipelines,0.67427594,0.96930533,2.12271618,3.07506584,47126522,13593584.55,2438174852.97,38589584889,2023-05-03,13.67,9.15,11.735,12.702,12.4285,10.7521,10.03945
PAGP,"Plains GP Holdings, L.P.",13.12,7.71756979,9.42452043,-5.20231214,6.66666667,21.14496768,14.48516579,Oil & Gas Pipelines,0.75132421,1.13265502,1.98364036,3.07926551,10294406,2696477.6,189358641.016,2550628196.0000005,2023-05-03,14.17,9.385,12.1392,13.238,12.939,11.5715,12.3298
PAA,"Plains All American Pipeline, L.P.",12.47,8.05892548,9.48200176,-5.88679245,7.03862661,18.87511916,16,Oil & Gas Pipelines,0.61880408,1.41815235,2.06181701,2.98559471,14719241,4644352.46666667,441920240.3,8708923669,2023-05-03,13.495,9.1,11.6081,12.662,12.302,10.98355,11.883675
ACGL,Arch Capital Group Ltd.,67.87,2.75548827,4.57627119,-2.6115655,8.21109694,48.41460748,39.22051282,Multi-Line Insurance,0.76772815,2.79062826,1.83455049,2.9603293,8324713,2120996.5,358009484.181,25193107657.000004,2023-04-26,72.28,41.05,53.5824,66.15,63.7925,48.0781,41.88135
MTG,MGIC Investment Corporation,13.42,5.17241379,10,-2.04379562,3.70942813,3.23076923,-3.3837293,Multi-Line Insurance,0.70291186,1.43180106,1.57167731,3.04437269,11706943,3337554.95,287491192.064,3897549636.999999,2023-05-03,15.76,11.375,13.4292,13.546,13.352,14.0773,12.80115
BOWL,Bowlero Corp.,16.95,14.21832884,15.54192229,9.49612403,29.0936786,41.01497504,61.89111748,Movies/Entertainment,1.13200374,2.22623345,3.48741163,3.83926835,7832486,1395956.15,99962141.616,2807545508.9999995,2023-05-10,17.45,8.19,12.8272,15.153,14.2805,11.320327,
SIX,Six Flags Entertainment Corporation New,26.71,11.80410213,13.99914639,1.36622391,18.13356922,49.1345617,-38.41364999,Movies/Entertainment,0.75285923,5.08836667,2.58788426,4.46122501,5671275,1570016.16666667,81946541.23959999,2221249880,2023-04-25,43.98,16.83,24.9452,27.01,25.3315,33.5225,34.51295
MANU,Manchester,22.15,-7.39966555,-7.16680637,8.31295844,-3.48583878,71.70542636,52.75862069,Movies/Entertainment,0.94096287,4.23883318,4.77374079,5.69282965,9373357,1935991.86666667,49833019.653,3611824975.999999,2023-05-18,27.34,10.41,16.4264,22.704,22.088,15.9318,16.2705
LGF.A,Lions Gate Entertainment Corporation,11.07,13.88888889,17.01902748,5.3282588,96.97508897,51.02319236,-31.1995028,Movies/Entertainment,0.77692137,6.02423411,3.9588742,5.80989199,3864183,1007896.35,54637788.9937,2431672165,2023-05-25,16.75,5.46,9.1312,9.762,8.252,12.4781,11.3849
CNK,"Cinemark Holdings, Inc.",14.79,10.20864382,12.90076336,8.11403509,74,18.98632341,-14.90218642,Movies/Entertainment,0.79159231,3.4859877,2.97388159,4.84079227,11209717,3154740.83333333,107507497.712,1780738133.9999998,2023-05-10,19.76,8.28,13.541,12.788,11.937,15.8415,19.5559
LGF.B,Lions Gate Entertainment Corporation,10.38,13.07189542,16.76040495,4.95449949,95.8490566,54.00593472,-30.05390836,Movies/Entertainment,0.81662678,5.95358224,4.02661657,5.84559833,3951966,976708.45,118734484.232,2431672165,2023-05-25,15.46,5.19,8.6028,9.188,7.774,11.4792,10.46875
DKNG,DraftKings Inc.,19.36,9.19345742,12.55813953,2.54237288,75.84014532,28.55245684,-5.00490677,Movies/Entertainment,0.68103231,3.47368421,4.12270077,5.51651972,46344124,13358186.8,379239582.19,8743562488,2023-05-05,21.62,9.77,15.0086,17.918,15.674,26.7755,
LI,Li Auto Inc.,24.95,6.71514115,8.47826087,-0.2,28.01436634,10.69210293,-7.57547694,Motor Vehicles,0.85563686,1.64592533,2.74235406,4.01960746,29674739,7286508.48333333,787293761.241036,24316928465.607895,2023-05-24,41.49,12.519,24.9866,23.856,22.1125,26.7275,
RCM,R1 RCM Inc.,15,4.8951049,9.97067449,6.00706714,39.40520446,-19.31145777,-42.76993514,Miscellaneous Commercial Services,0.92543541,2.53671562,3.20727708,4.07737745,10798534,2609458.56666667,193685747.362,6249925690,2023-05-08,27.86,6.71,17.529,14.081,12.3315,20.3877,17.98835
EVH,"Evolent Health, Inc",32.45,6.04575163,9.25925926,-7.8125,17.871413,-10.4580574,3.01587302,Miscellaneous Commercial Services,0.73622331,2.13130056,2.35313151,3.82098921,3434186,988819.53333333,95665634.348,3603650917,2023-05-03,39.7791,21.8322,31.2564,32.423,30.359,28.3547,19.7226
RELY,"Remitly Global, Inc.",16.95,0.41469194,3.35365854,17.70833333,57.82122905,54.2311192,66.83070866,Miscellaneous Commercial Services,1.07060103,3.56711004,2.97484999,4.32425315,6239736,1174321.36666667,111785442.867895,2952516536,2023-05-04,17.13,6.66,11.1386,14.307,12.555,,
GPN,Global Payments Inc.,105.24,6.91862237,8.49484536,-5.68202187,7.30016313,-3.64402124,-23.0645515,Miscellaneous Commercial Services,1.11681503,2.20321786,2.38916932,3.19339977,9991260,1820852.91666667,260207727.816,27694331948,2023-05-04,146.71,92.27,114.483,108.719,105.1695,136.0974,157.4228
FOUR,"Shift4 Payments, Inc.",75.8,13.18500821,11.60188457,16.86709837,36.35545962,71.64855072,17.88491446,Miscellaneous Commercial Services,1.09266293,4.76645725,3.92640537,5.14091745,7203407,1347806.11666667,53465815.90329999,6344620558,2023-05-04,76.4,29.39,49.7668,65.939,59.7395,60.6757,
CSTM,Constellium SE,15.28,10.00719942,11.28914785,-4.0201005,31.04631218,48.92787524,-16.36562671,Miscellaneous Commercial Services,0.79977135,1.71957672,2.65883591,3.92901313,4226361,1044773.35,125386028.028,2204928256,2023-04-26,18.48,9.82,13.6604,14.856,13.6175,16.086,13.64745
EXEL,"Exelixis, Inc.",19.41,5.03246753,6.23973727,13.64168618,24.34336963,22.46056782,-13.5026738,Miscellaneous Commercial Services,0.82203399,3.49576271,2.24327443,2.86182346,13563070,3304729.01666667,316183814.418,6290535244.999999,2023-05-03,23.4,14.87,18.1946,17.646,17.0855,19.1132,19.982075
AGL,"agilon health, inc.",23.75,-17.21854305,-16.43209008,11.86999529,48.34478451,1.4957265,-5,Medical/Nursing Services,2.59841995,6.142289,8.5484607,6.28948291,28608493,2618921.63333333,211412408.89299995,9811569443.000002,2023-05-24,29.44,14.82,21.1068,23.655,20.555,24.5267,
NEO,"NeoGenomics, Inc.",17.41,3.20094843,-1.91549296,3.94029851,89.03365907,100.80738178,35.59190031,Medical/Nursing Services,1.36381406,4.7426258,3.7540061,5.6722919,7384999,1129500.91666667,124488228.6,2219043365,2023-05-02,19.51,6,10.6804,15.334,12.8995,23.1067,28.767125
ATEC,"Alphatec Holdings, Inc.",15.6,-1.39064475,0.64516129,4.97981157,31.20269134,82.88393904,36.60245184,Medical Specialties,0.90390858,4.58656331,3.29692183,5.31153783,4191229,999631.48333333,63360477.5,1733314981,2023-05-11,16.34,5.73,10.2588,14.635,12.998,11.4334,9.71035
PACB,"Pacific Biosciences of California, Inc.",11.58,20.49947971,26.55737705,27.25274725,43.13967862,108.64864865,20.24922118,Medical Specialties,1.02919234,19.54633205,6.55420966,7.77061047,21857972,4394620.33333333,219721671.883,2861179157.9999995,2023-05-03,14.2,3.85,7.6073,10.027,9.8835,14.87985,13.277275
ISRG,"Intuitive Surgical, Inc.",255.47,-0.37048592,3.01209677,11.81774412,-3.70886887,34.37302756,-16.26130851,Medical Specialties,0.95889418,2.15812982,2.2038177,2.72221581,7884680,1725816.15,348035729.59000003,89514051710,2023-04-20,308.97,180.07,232.3836,242.648,253.766,274.33526353,241.58596069
SKIN,The Beauty Health Company,12.63,4.29397192,7.67263427,-2.16886135,40.02217295,8.50515464,-26.82502897,Medical Specialties,0.66494509,3.96890344,4.64224938,5.46303017,6834642,2059909.65,82904322.5,1673475592.9999998,2023-05-10,17.77,8.25,11.8711,11.918,10.9975,16.03795,
EXAS,Exact Sciences Corporation,67.81,2.30838865,5.05034857,9.37096774,37.88125254,103.20647288,-4.62728551,Medical Specialties,0.84559456,3.90518158,2.91805695,4.29365887,9116657,2564037.56666667,176425206.282,12084904358.999998,2023-04-25,76.94,29.27,48.9782,64.954,58.097,70.6136,86.8959
DXCM,"DexCom, Inc.",116.18,1.83188711,1.68037809,5.1307574,4.73271432,42.04670498,-10.62561302,Medical Specialties,0.67590389,2.1568285,2.67018309,3.43761249,8133094,2503904.13333333,380380145.39,44893543353,2023-05-03,134.765,66.8925,98.39445,113.278,113.2265,110.105825,92.476175
NTRA,"Natera, Inc.",55.52,-1.99470432,0.78054093,13.46821991,39.00851277,24.76404494,34.07389519,Medical Specialties,0.8467411,4.36920223,5.44365815,5.40720237,5790843,1431365.56666667,101201669.094,6289620731.000001,2023-05-04,59.75,27.35,43.8872,51,45.3935,67.9636,62.628575
SHC,Sotera Health Company,17.91,3.40646651,3.76593279,7.63221154,119.75460123,149.79079498,-18.62789641,Medical Specialties,0.63636421,2.9226361,2.78337352,3.95945881,4118573,2282290,97392159.435,5058200334.000001,2023-05-11,24.9,5.78,15.0938,17.488,13.739,19.1618,
NEOG,Neogen Corporation,18.52,1.70236134,2.09481808,4.69191634,22.00263505,27.1978022,-40.50754899,Medical Specialties,1.11985104,6.6053992,4.52150098,4.41679415,10058112,2063046.73333333,215946059.852,4003177393.999999,2023-07-18,31.83,10.49,19.4762,19.054,17.6455,30.27655,33.2468375
LNTH,"Lantheus Holdings, Inc.",82.56,1.38769495,4.07159965,11.62790698,64.75753343,19.47901592,47.69230769,Medical Specialties,1.03115393,2.44923077,2.39728769,3.93279443,5171162,1038165.95,66060904.26990001,5576107350.000001,2023-04-28,87.47,47.46,66.6492,69.343,61.6865,48.603,33.096925
ALGN,"Align Technology, Inc.",334.14,8.9468536,7.89150791,8.66341463,60.56703508,57.6429515,-24.90560949,Medical Specialties,0.66214998,7.3968254,3.05449569,4.06522872,3598245,1064544.8,71661887.50240001,25598573796,2023-04-26,451.185,172.05,257.0633,316.016,262.5965,425.04115,378.132375
XRAY,DENTSPLY SIRONA Inc.,39.28,5.44966443,7.38108256,2.02597403,22.90362954,34.56663241,-20.61438965,Medical Specialties,0.8216094,1.93448543,1.90107842,2.93624161,8242572,2097259.36666667,213308954.054,8459415482.000001,2023-05-09,49.38,26.48,34.7754,37.058,34.8135,46.2641,48.880925
EDR,"Endeavor Group Holdings, Inc.",23.93,2.96901893,4.86415425,8.82219191,10.17495396,23.47781218,-18.21599453,Media Conglomerates,1.38512652,3.50194553,2.44047546,3.81971521,11369139,1848589.63333333,184139284.836,16784492772,2023-05-31,29.86,17.42,22.0246,22.645,21.98,25.2143,
FRO,Frontline Plc,16.56,1.53280196,0.97560976,-13.43439624,39.27670311,49.59349593,90.12629162,Marine Shipping,0.57305912,2.37654321,2.5819645,3.81575999,9142083,4063312.45,142977840.766,3686635011,2023-05-31,19.2869,7.48,12.3022,16.561,14.9195,10.2026,9.2059
STNG,Scorpio Tankers Inc.,56.31,3.26425821,3.35903084,-7.97515934,5.90558586,32.40065836,172.95201163,Marine Shipping,0.6093234,2.95836377,2.85853851,4.14481446,4551260,1557283.71666667,53383512.656,3363283583,2023-04-27,64.2,19.65,44.5464,56.185,54.3115,30.9215,25.74495
DHT,"DHT Holdings, Inc.",10.81,0.93370682,-0.09242144,-6.64939551,22.7014756,41.67758847,89.64912281,Marine Shipping,0.65588302,2.91627469,2.55585731,3.81745253,7869275,2464653.8,134273467.213,1758282791,2023-05-08,12.13,4.98,8.2308,10.513,9.9155,7.0506,6.54765
VOYA,"Voya Financial, Inc.",71.46,5.64754583,8.50288491,-3.69272237,15.27665753,15.89361012,6.1655029,Life/Health Insurance,0.94289022,1.79359431,2.01678874,3.00480212,9313579,2014022.23333333,96414240.6025,6952525472,2023-05-09,78.11,56.2,64.7898,71.087,67.5585,65.3407,59.62245
JHG,Janus Henderson Group plc,26.64,4.18459132,7.20321932,-2.63157895,12.83354511,25.12916862,-25.02110892,Investment Managers,0.82732179,3.11778291,2.19904603,3.27852938,5565477,1312496.16666667,164079113.602,4413126707.000001,2023-05-03,36,19.09,25.3006,26.929,25.964,32.6214,28.38805
BX,Blackstone Inc.,87.84,4.64617584,7.03058365,-3.25991189,19.38026638,3.89118865,-31.39643861,Investment Managers,0.64244795,2.93486457,2.80123942,4.63961603,16741843,5122212.91666667,700203389.9000001,105628042793.99998,2023-04-20,132.93,71.72,93.5434,89.681,85.7945,106.0987,81.2584
KKR,KKR & Co. Inc.,52.52,4.93506494,6.50983573,-5.31819001,14.64745689,21.65855918,-11.43338954,Investment Managers,0.65005675,2.36966825,1.85473784,3.61741719,10312168,3195260.58333333,645607973.028,45225391041,2023-05-02,61.515,41.77,51.0032,54.113,52.015,57.7905,45.5222
FTAI,FTAI Aviation Ltd.,27.96,14.82546201,19.18158568,10.73267327,65.63981043,85.41114058,30.19166625,Investment Managers,1.34289826,2.30030792,5.13521336,5.01244944,6025467,997398.81666667,97800144.7368,2788416885,2023-04-27,28.24,14.29,18.86016696,24.727,21.592,21.03294589,18.09738315
ARES,Ares Management Corporation,83.44,3.78109453,5.44673322,4.05287442,22.9590333,32.90856961,1.75609756,Investment Managers,0.65717355,2.68932217,2.02082353,3.45596971,3493281,1059769.43333333,140780811.402,14687266189,2023-04-27,87.5,53.15,72.3402,81.307,77.154,73.0494,55.67265
IBKR,"Interactive Brokers Group, Inc.",82.56,7.23470581,4.50632911,-4.11149826,13.75034445,28.83895131,23.38962786,Investment Banks/Brokers,0.67162791,1.87146023,1.75096006,3.31405572,4419689,1263218.85,98818274.464,34630056739,2023-04-18,90.19,52.18,69.3096,82.586,78.907,68.8172,60.77915
COIN,"Coinbase Global, Inc.",67.57,-0.38331122,5.28201932,3.4762634,98.95765856,10.31836735,-65.74397972,Investment Banks/Brokers,0.78452688,7.2559049,7.37629965,10.14225413,80330632,20653930.78333334,156925159.272,15652737991,2023-05-10,193.07,31.55,64.3618,64.506,53.4195,150.9016,
SPOT,Spotify Technology S.A.,133.62,4.14653157,2.63461095,13.31411126,74.0523642,54.49184877,-13.74346395,Internet Software/Services,0.57986978,2.94199897,1.98243413,3.3948506,6037867,2031124.4,128532763.69668,25418904214.999996,2023-04-25,160.06,69.285,101.7462,122.545,102.2275,160.4503,183.83755
GOOGL,Alphabet Inc.,103.73,-1.62177542,-1.2001143,15.28117359,19.25730053,6.88304997,-26.97795893,Internet Software/Services,0.79007546,2.96912114,2.30460321,2.8720666,161907445,40377829.73333334,5931026492,1330081492957.9998,2023-04-25,143.712,83.34,103.40692,97.727,95.5315,119.240625,97.17406625
CARG,"CarGurus, Inc.",18.68,0.26838433,1.08225108,4.06685237,37.25202057,30.90399439,-56.86908335,Internet Software/Services,0.62560203,3.07523339,2.62633784,3.6684406,3537153,1142063.21666667,85585628.634,2145741844.0000005,2023-05-11,45.47,9.1418,19.0358,17.463,15.785,26.0764,27.4498
BIDU,"Baidu, Inc.",150.92,-3.42356178,-2.215887,3.55427474,32.98087937,30.9955733,9.10931174,Internet Software/Services,0.78041497,2.83281612,2.35320725,4.03973555,16289495,4015114.25,275873161.669485,53232532223.61644,2023-05-17,160.88,73.5801,127.9464,143.522,130.2355,144.59,143.6505
PINS,"Pinterest, Inc.",27.27,-0.72806698,-0.98039216,8.73205742,17.08887935,18.56521739,5.49323017,Internet Software/Services,0.88560427,3.73162458,3.65527091,4.18082049,53115789,11996870.41666667,583793877.24,18647315952,2023-04-26,29.27,16.14,23.2118,26.02,25.4475,35.1006,36.74075
DASH,"DoorDash, Inc.",63.56,4.76347453,5.31897266,16.43158088,31.89458394,28.55987055,-46.0120615,Internet Software/Services,0.60938997,4.99185668,3.17375264,4.53874099,15322597,4982392.56666667,237673444.758,24677162961,2023-05-11,130.2,41.365,61.4176,58.673,56.067,110.0226,
WB,Weibo Corporation,20.06,7.15811966,8.37385197,-5.99812559,8.37385197,20.84337349,-23.8131409,Internet Software/Services,2.29308987,8.98989899,3.98537658,5.04071263,12869492,1446891.4,141602491.587,5243850047.34495,2023-05-09,27.51,10.02,19.115,20.367,19.1365,30.4374,36.3383
NFLX,"Netflix, Inc.",345.48,5.20417796,7.75036647,7.44207744,20.99604245,45.7721519,-9.93508694,Internet Software/Services,0.9196349,2.56224716,2.91736553,3.79718085,34144116,7854550.46666667,438661896.183,153858407421,2023-04-18,396.02,162.71,260.1728,332.445,320.49075,390.4258,404.975175
META,"Meta Platforms, Inc.",211.94,2.87850104,3.2946681,21.39297783,79.36696005,55.78096288,-7.22696432,Internet Software/Services,0.63290245,2.61159743,2.11973753,3.41368185,104553697,32391587.26666667,2215973333.28,549510183718,2023-04-26,236.86,88.09,157.6668,183.401,153.052,234.7325,231.9819
GOOG,Alphabet Inc.,104,-1.94229681,-1.64554568,15.35048802,19.04080581,6.41563491,-26.99115821,Internet Software/Services,0.77779646,2.82925868,2.24206347,2.8663401,129572469,32640815.73333334,5175956880,1330081492958,2023-04-25,144.04375,83.45,103.94879,98.228,96.061,120.12004,97.705035
BEKE,KE Holdings Inc,18.84,2.61437908,0.7486631,-2.43397204,38.73343152,11.15044248,44.36781609,Internet Software/Services,0.87338985,2.50090339,3.56499125,4.65506865,34177421,8998402.01666667,1161628653.17954,23096053324.31895,2023-05-17,21.08,9.09,15.7776,18.613,17.3665,20.5895,
GLBE,Global-E Online Ltd.,32.23,10.45236463,9.85003408,14.16932341,62.6135217,19.45885841,-7.91428571,Internet Retail,0.83632387,9.73207447,4.90097378,5.47257324,4675206,1112078.35,52815040.27,5043012330,2023-06-01,37.646,15.63,24.8922,28.634,25.1415,,
ACVA,ACV Auctions Inc.,12.91,3.52846832,0.70202808,6.430338,64.66836735,66.79586563,-14.78547855,Internet Retail,0.86247041,3.4372502,3.41945597,4.20639765,4684539,1077908.83333333,123335060.4,2111869620,2023-05-11,15.7,6.1,9.1298,11.698,10.098,14.304,
RVLV,"Revolve Group, Inc.",26.3,4.53100159,4.07597942,-2.0119225,20.58688675,16.16607774,-52.51850515,Internet Retail,0.94467131,4.39859868,4.4765035,5.04994783,6160482,1290327.21666667,40544999.04,1929501911.9999995,2023-05-02,58,20.17,26.8084,26.487,25.564,43.7955,34.0442
BABA,Alibaba Group Holding Limited,102.18,17.58342923,18.99382788,9.96556177,16.84391081,29.76885954,-11.17099887,Internet Retail,2.89104563,2.44037496,4.69733829,3.44577616,276990980,23785622.21666667,2590909841.25,270809859306.46408,2023-05-18,125.84,58.01,92.6378,96.078,95.148,124.4789,172.7048
SE,Sea Limited,86.55,5.06190823,3.92651297,35.21324793,66.44230769,60.87360595,-29.74837662,Internet Retail,0.76369735,2.00557168,3.63058374,5.59689663,21408643,5517584.68333333,507995648.6787,48618416353,2023-05-16,136.43,40.665,66.8998,71.449,64.2545,155.4646,131.95095
VIPS,Vipshop Holdings Limited,15.18,0.93085106,-0.71942446,-1.81112549,13.28358209,84.89646772,55.37359263,Internet Retail,0.89226611,4.8775307,3.2538962,3.98428966,22178216,5086552.76666667,508036531.2823,8894090165,2023-05-17,16.18,6.36,11.0532,14.693,13.883,12.1741,15.26095
EC,Ecopetrol S.A.,10.56,9.8855359,10.92436975,-8.33333333,5.91775326,15.40983607,-43.01133297,Integrated Oil,0.73365636,2.85714286,2.57623819,3.93578675,8014367,2246909.06666667,2055800050.805,21658219255.859375,2023-05-03,19.81,8.59,11.287,10.642,10.48,12.8885,13.5523
PR,Permian Resources Corporation,10.5,9.48905109,13.63636364,-4.45859873,15.13157895,58.85022693,27.27272727,Integrated Oil,0.70606516,2.51937984,3.02397169,5.28568574,28252258,7895843.76666667,214995989.164,5658536277.999999,2023-05-03,12.05,5.08,8.6652,10.43,10.058,7.6597,5.228183
YPF,YPF Sociedad Anonima,10.98,14.13721414,14.73354232,-6.23398804,21.0584344,79.41176471,126.39175258,Integrated Oil,1.0887882,9.19272049,5.99498179,6.83671915,14863418,2864725.21666667,393031335.576,7691286964.988,2023-05-09,13.11,2.82,7.0314,10.982,9.962,5.7506,6.56765
RPD,"Rapid7, Inc.",45.91,13.94887069,14.775,-3.34736842,37.33173796,5.9787627,-58.86200717,Information Technology Services,0.71563657,11.97575758,4.78294813,5.10866543,3988495,1074953.85,58146475.9557,2756467431,2023-05-04,118.245,26.485,52.6396,45.413,39.082,80.2346,70.625575
DDD,3D Systems Corporation,10.72,5.8242843,6.77290837,6.34920635,50.14005602,27.01421801,-36.94117647,Information Technology Services,0.78253774,5.39744848,4.09171996,5.68850035,4952940,1255350.88333333,127893175.15,1405983748,2023-05-08,17.83,7.02,9.9982,10.713,9.7995,17.1303,14.50295
FSLY,"Fastly, Inc.",17.76,10.7922645,12.26295828,27.40315638,124.81012658,98.43575419,-0.39259675,Information Technology Services,0.68590259,8.13397129,5.00148424,6.67827805,17390076,4836737.33333333,112769085,2227104056,2023-05-03,20.03,7.15,11.2242,13.91,11.4915,24.9312,38.22885
WDAY,"Workday, Inc.",206.54,8.4598015,10.37836682,11.25834949,25.72437302,32.13486021,-14.95511818,Information Technology Services,1.11766473,3.31135751,2.66742173,2.89617734,10730671,2021401.01666667,201430620,53493858261.00001,2023-06-01,245.83,128.72,166.2484,187.485,176.002,208.2171,203.02645
NET,"Cloudflare, Inc.",61.66,8.86299435,6.9001387,2.42524917,39.2816806,13.15837768,-50.69172331,Information Technology Services,0.59247551,5.86033852,3.59291801,5.35284674,15562968,5193455.66666667,281534000.731,20378511778.000004,2023-05-04,128.4,37.37,55.8508,58.342,51.974,89.0896,
AXTA,Axalta Coating Systems Ltd.,30.29,7.79359431,9.23187883,2.08965285,19.62875197,43.07982995,21.20848339,Industrial Specialties,0.54581338,2.98913043,1.79552409,2.94320171,8337608,2996109.55,220078486.992,6695665804.000001,2023-04-26,32.56,20.66,25.9108,29.378,27.8505,27.9747,27.3005
KMT,Kennametal Inc.,27.58,7.06521739,9.79299363,-2.47524752,14.10839884,29.78823529,-4.86374612,Industrial Machinery,0.6042902,2.65682657,2.04386183,3.36302609,3077427,966643.68333333,76262531.661,2220935297,2023-05-01,30.6,20.21,25.5832,27.837,26.8125,30.4335,31.3005
AMAT,"Applied Materials, Inc.",122.83,2.76081318,0.97829661,4.35853866,28.4832636,49.91151523,-9.746868,Industrial Machinery,0.89233632,2.08264463,2.42743837,3.43502881,29247688,6602797.53333333,841577800.6980001,103805895627,2023-05-18,129.7,71.12,103.5044,117.231,111.005,120.4044,94.336825
PH,Parker-Hannifin Corporation,336.11,4.74958706,6.49198403,-4.26398542,15.58513016,36.56346498,16.15233093,Industrial Machinery,0.6932874,1.40096464,1.3677613,2.78188636,3396640,970891.28333333,127592218.702,43111495813,2023-05-04,364.57,230.44,289.3832,338.241,318.998,295.624,252.62795
IR,Ingersoll Rand Inc.,58.18,5.72415046,7.20471715,0.39689387,10.882409,32.95246801,15.36783661,Industrial Machinery,1.06940378,1.54809532,1.32983161,2.70378751,12855241,2446589.13333333,403924359.65,23560380671,2023-05-03,60.3856,39.285,50.1562,56.56,55.2425,51.3995,43.5582
ENTG,"Entegris, Inc.",82.01,5.0871348,2.07866567,-3.35847278,26.71508035,-4.77241059,-40.14305525,Industrial Machinery,1.02478734,2.45436606,3.52060417,4.40236433,8161634,1667132.31666667,148431683.74499997,12250754629,2023-04-25,126.71,61.7501,88.7962,82.573,77.3165,107.4512,86.898575
CARR,Carrier Global Corporation,45.75,4.16666667,4.71503777,1.91579416,10.45388701,28.00783436,-3.25650243,Industrial Machinery,0.78612184,2.18422504,1.79861626,2.9731995,17784747,4480760.26666667,832080006.924,38164097672.00001,2023-04-27,49.17,33.1,40.8976,45.166,44.1925,45.5607,
LRCX,Lam Research Corporation,530.12,5.58897343,2.93592233,8.1987958,28.48902031,47.97487788,-3.61279296,Industrial Machinery,1.28686396,1.46462628,3.23478362,3.73383313,7862492,1301273.56666667,134127058.68,71532379277,2023-04-19,548.85,299.592,456.8454,500.241,474.4005,530.3591,436.7464
ELF,"e.l.f. Beauty, Inc.",82.35,4.93119266,9.08729633,9.69761556,48.86117137,120.54097483,221.05263158,Household/Personal Care,1.06534127,6.23331471,3.12317453,3.74791899,4576781,985280.36666667,50224392.333,4388818829,2023-05-25,83.94,20.49,45.6844,72.277,63.5985,37.2091,27.8822
RCL,D/B/A Royal Caribbean Cruises Ltd.,65.3,7.31306491,7.40131579,-7.82044043,33.15660685,57.8629276,-19.83795728,Hotels/Resorts/Cruise lines,0.84114769,1.43562828,2.94235758,4.04649682,15558964,3899629.38333333,221046380.607,16674402011.999998,2023-04-27,87.68,31.09,53.9034,67.6,62.259,67.6619,75.6057
HTHT,H World Group Limited,48.98,3.13750263,0.04084967,-2.58552108,16.34204276,42.63249854,44.22850412,Hotels/Resorts/Cruise lines,0.97769826,1.7358258,4.23305832,3.78553892,6957112,1653600.8,318704385.033816,15484800465.378899,2023-05-24,53.52,24.38,38.7848,48.901,45.4555,41.642,40.8345
H,Hyatt Hotels Corporation,111.79,7.90540541,6.92491631,-4.03468109,26.18805734,39.23278117,15.54521964,Hotels/Resorts/Cruise lines,0.69057856,2.88487463,1.7637993,3.04220607,3219711,944680.46666667,46141901.6487,11877916766,2023-05-03,125.07,70.12,93.25,111.61,104.655,88.8707,79.23545
CCL,Carnival Corporation,10.15,9.96749729,11.78414097,-4.42561205,27.19298246,20.1183432,-48.29342843,Hotels/Resorts/Cruise lines,1.63699358,2.83300199,5.44183831,5.33083413,305961832,40965863.65,980791996.38,12661979247.999998,2023-06-22,21.5,6.11,10.3642,10.459,9.858,16.4651,22.84965
THC,Tenet Healthcare Corporation,59.42,9.04753166,9.91490936,2.23675155,25.04208754,11.12773518,-31.30635838,Hospital/Nursing Management,0.88885187,3.22580645,2.31991521,4.34497894,7165340,1599650.23333333,99303758.492,6077126909,2023-04-19,91.83,36.693,56.3384,57.179,52.352,65.4228,48.01235
FTDR,"Frontdoor, Inc.",27.88,5.52611658,6.98388335,-0.92395167,35.33980583,35.47133139,-6.3172043,Homebuilding,1.22909911,3.61070381,2.86145351,5.15073183,6009723,995452.88333333,81190933.66239999,2272492410,2023-05-04,33.8799,19.06,24.5385,27.22,24.824,32.57455,39.403525
TMHC,Taylor Morrison Home Corporation,38.26,4.02392605,5.6614195,7.02097902,26.64680569,61.09473684,34.19852683,Homebuilding,1.0491731,3.03763441,2.06364019,3.08782274,4634898,928679.9,102940582.078,4143505393,2023-04-26,38.29,20.045,29.0218,36.014,33.4165,29.0701,26.2249
DHI,"D.R. Horton, Inc.",97.69,0.78407098,1.65452653,6.10405127,10.44657999,43.05169132,25.08322663,Homebuilding,0.98119179,2.9492167,1.96514746,2.84440748,14393318,2967922.73333333,301877473.086,33546096327,2023-04-20,104.14,59.25,80.4574,95.906,92.3365,85.7954,73.52495
PHM,"PulteGroup, Inc.",58.28,2.8591599,3.68261875,7.13235294,28.73867904,53.04621849,33.51660939,Homebuilding,0.68559531,2.81690141,1.87149675,2.75742838,9534046,2691759,223662054.531,13147780441.999998,2023-04-25,60.89,35.0324,45.3122,55.43,50.878,48.3583,44.0251
KBH,KB Home,40.18,-0.56916605,0.0248942,14.31009957,26.99115044,55.19505601,19.76154993,Homebuilding,0.99394997,1.74639332,1.91097904,3.06895502,7857583,1713959.6,80995974.25919999,3374734387,2023-06-21,40.92,24.78,32.12,37.164,34.811,36.6672,35.2648
TPH,"Tri Pointe Homes, Inc.",25.32,2.42718447,3.7704918,6.83544304,36.86486486,65.49019608,23.03206997,Homebuilding,0.95301302,2.30117077,1.86668227,2.7441397,4436361,943863.63333333,98593053.05,2558162218,2023-04-20,25.6999,14.59,19.3628,23.451,21.2695,21.3708,18.646
LEN,Lennar Corporation,105.11,1.32060922,1.59481925,9.36427011,17.14030982,40.35251702,25.77479957,Homebuilding,0.88511615,2.86384518,1.92574475,2.74856362,9969168,2293318.38333333,247828034.025,29879061457,2023-06-20,109.28,62.54,85.4732,100.959,96.0985,92.2236,79.4866
FND,"Floor & Decor Holdings, Inc.",98.22,5.510796,7.93406593,7.53229691,41.50698747,39.00367959,12.65053332,Home Improvement Chains,0.7331759,3.92983195,2.79447864,3.71935686,5522673,1527465.7,103948527.87,10430419795,2023-05-04,102.61,59.9134,79.4846,92.709,84.4425,95.7356,79.5819
BLDR,"Builders FirstSource, Inc.",88.78,5.11484726,6.91233141,4.47164039,37.96425796,52.64786795,30.71260306,Home Improvement Chains,0.97836012,3.05405094,2.15418572,3.34109522,8598691,1784056.73333333,135203317.788,12252731700,2023-05-04,90.21,48.91,66.6332,82.544,74.325,63.3243,45.42445
TPX,"Tempur Sealy International, Inc.",39.49,4.74801061,5.81457663,-7.30046948,17.00740741,64.61025427,45.93495935,Home Furnishings,0.79653741,1.82518811,1.95642301,3.0901018,7507170,1952201.11666667,166304426.67,6796202414.000001,2023-05-04,44.28,20.03,30.5158,40.497,37.4135,35.5954,28.928775
TREX,"Trex Company, Inc.",48.67,5.14149924,6.24317835,-4.11741529,16.18524708,9.51845185,-31.101359,Forest Products,0.7719235,5.31632111,2.78654336,3.88543746,4095242,1053326.73333333,108114059.13,5293294520,2023-05-08,69.205,38.68,51.9022,51.036,48.3175,76.9153,69.257175
BYND,"Beyond Meat, Inc.",16.23,-0.24585126,7.05804749,-8.25325042,34.46561723,11.62310867,-67.16568885,Food: Major Diversified,0.44885128,5.08046702,5.28191856,6.82033537,6800931,2936849.55,57405854.358,1040254038.9999998,2023-05-10,51.98,11.03,21.4647,17.456,15.6985,56.9074,93.401975
SFM,"Sprouts Farmers Market, Inc.",35.03,5.25841346,7.19094247,15.30612245,8.18406424,24.97324295,9.50296968,Food Retail,0.7998371,1.6767852,1.71781255,2.99476848,5500953,1367686.16666667,102152343.88800003,3610454837,2023-05-04,35.59,22.56,29.8476,32.887,32.893,28.366,24.6023
USFD,US Foods Holding Corp.,36.94,5.21219026,6.54744736,-1.124197,9.22531047,39.50151057,-2.40422721,Food Distributors,0.52276336,1.45205479,1.49888564,3.05053643,6504894,2375391.3,218406476.16,8286397671.999999,2023-05-09,41.28,25.49,33.3478,37.128,36.3835,34.5839,33.1903
UBS,UBS Group AG Registered,21.34,12.37493418,14.54643049,-1.70428374,14.0566542,45.96443228,7.56048387,Financial Conglomerates,1.33954052,3.99038462,2.18885803,3.20079029,29644949,4419531.71666667,2691956984.0408697,69734476024.37947,2023-04-25,22.2975,13.8,17.8364,20.906,19.975,17.5808,14.9686
GFL,"GFL Environmental Inc. Subordinate voting shares, no par value",34.44,5.83896742,7.08955224,14.07750911,17.26251277,34.58382181,7.89473684,Environmental Services,0.55479877,1.77428738,1.92644829,2.90865374,4171526,1547856.83333333,207708803.415,13978384898.090986,2023-04-27,34.9,23.1,28.8768,31.978,30.636,31.6285,
APG,APi Group Corporation,22.48,6.64136622,8.96752302,-6.09857978,20.34261242,65.17266716,5.68876352,Engineering & Construction,1.01488031,1.49687221,1.64418934,3.28901633,5556666,1076679.95,155597268.93,5362309993,2023-05-03,24.49,13.09,18.0362,22.042,20.598,20.0083,16.4321
ROKU,"Roku, Inc.",65.82,9.7,5.59414756,3.11765627,66.29610915,16.35142302,-50.04932838,Electronics/Appliances,1.66229769,8.59683794,7.2720412,6.9354856,67954769,8754239.78333333,122008747.264,9221997480,2023-04-27,135.99,38.26,68.4238,62.366,56.1285,169.3952,179.8268
VRT,"Vertiv Holdings, LLC",14.31,9.32009167,9.7392638,-11.50278293,7.91855204,48.13664596,3.69565217,Electronic Production Equipment,0.83229436,4.60763139,2.91246268,4.24252049,13654231,3258738.23333333,307189805.60400003,5404040122.000001,2023-04-26,17.88,7.76,12.6042,14.642,14.2815,17.8091,15.9867255
SONO,"Sonos, Inc.",19.62,1.71073095,2.50783699,1.23839009,19.63414634,41.35446686,-33.49152542,Electronic Production Equipment,0.59566663,3.28428797,2.23638575,2.86778627,5460337,1754215.21666667,118782446.172,2498565613,2023-05-10,28.46,13.65,18.541,19.521,18.562,25.1482,21.342725
TER,"Teradyne, Inc.",107.51,1.1002445,0.87258397,5.91074771,25.24464119,42.09621993,-11.36120043,Electronic Production Equipment,0.92165705,1.98874296,2.32008632,3.02979786,7574064,1641852.91666667,155344067.472,16776708136.000002,2023-04-25,120.2,67.81,95.1978,104.615,98.293,111.8212,96.3361
FLEX,Flex Ltd.,23.01,9.6236303,8.43543827,0.87680842,8.58895706,37.86698622,29.19708029,Electronic Production Equipment,0.61440467,3.3438061,2.30191029,3.22258389,15500808,5135805.41666667,448777780.414,10379374469,2023-05-10,25.12,13.63,19.1952,22.865,22.4625,18.44045,15.5297
FLNC,"Fluence Energy, Inc.",20.25,25.3869969,26.48344785,5.46875,21.25748503,40.33264033,52.37020316,Electrical Products,1.35711956,15.14603257,7.71603841,8.36198927,8090888,1260081.36666667,57639874.089753,3539171732,2023-05-10,26.78,4.96,15.2824,19.585,18.906,,
SEDG,"SolarEdge Technologies, Inc.",303.95,6.82904541,5.48691608,-5.26725884,10.06300695,30.01539909,-4.46330347,Electrical Products,0.8036361,3.58396921,4.79665208,5.67383731,4669626,1149760.31666667,55667837.9418,17065762874,2023-05-10,375.9,190.15,283.2608,301.12,302.429,281.8667,223.85525
PCG,Pacific Gas & Electric Co.,16.17,3.3887468,6.73267327,4.05405405,-0.79754601,28.94736842,33.96851698,Electric Utilities,1.18944384,2.01638311,1.64970309,2.80564093,81005618,14553974.25,1740418669.02,32142484154,2023-05-04,16.825,9.64,13.6996,15.859,15.8005,12.3435,12.05605
VST,Vistra Corp.,24,2.4765158,0.75566751,8.69565217,0,11.62790698,4.03120936,Electric Utilities,0.74528403,1.97578075,2.20820848,4.60994162,14864066,3905675.56666667,367249978.998,9154872070,2023-05-05,27.39,20.7619,23.75,23.21,23.241,21.8576,21.34745
PNW,Pinnacle West Capital Corporation,79.24,2.61590262,6.89329556,8.25136612,2.62919311,18.87188719,1.92950862,Electric Utilities,0.65242838,1.55473429,1.38353134,2.79525434,3233867,967387.26666667,112860238.96,8968026900.999998,2023-05-03,80.6,59.03,73.6828,75.705,76.048,74.4049,79.3661
OLLI,"Ollie's Bargain Outlet Holdings, Inc.",57.94,-0.27538726,-0.05175091,1.72050562,25.60156081,13.18616917,31.44283122,Department Stores,1.09579087,3.39133523,3.08915922,3.84773658,5060458,972645.25,57874080.19,3589236199,2023-06-07,72.27,40.4,55.7008,56.135,54.5905,60.3085,69.56295
KD,"Kyndryl Holdings, Inc.",14.76,5.57939914,8.76934414,-5.74712644,34.54876937,74.88151659,11.39622642,Data Processing Services,0.62193373,2.21147201,2.06424852,3.52555418,4946044,1563249.1,224620532.5,3357974600.0000005,2023-08-30,17.21,7.93,11.5466,14.764,13.088,,
DO,"Diamond Offshore Drilling, Inc.",12.04,12.83973758,11.89591078,1.43218197,20.27972028,75.51020408,60.53333333,Contract Drilling,1.05835648,4.29292929,5.88621145,7.03784712,6203264,1172731.91666667,100571954.44,1219894813,2023-05-01,13.3,5.17,8.8202,11.664,10.8085,,
NE,Noble Corporation plc A,39.47,5.78933262,8.28532236,-5.30230326,5.3094984,33.66068405,15.34190532,Contract Drilling,0.5160388,2.01773551,3.55533976,5.13140628,4969097,2030922.51666667,196508883.928,5321350070.000001,2023-05-02,45.5,22.64,34.5406,39.971,38.6515,,
OI,"O-I Glass, Inc.",22.71,7.12264151,8.92086331,2.5282167,37.13768116,74.29009977,70.62359128,Containers/Packaging,0.69269991,1.88738037,2.54335597,3.41908374,4280260,1299016.58333333,151812385.218,3505492255.0000005,2023-04-25,23.52,11.6,16.4678,21.709,19.487,15.3683,13.3533
BALL,Ball Corporation,55.11,4.04002265,5.65567485,-1.60685592,7.72087568,15.38944724,-40.03264418,Containers/Packaging,0.65471677,1.59985289,1.69495468,2.73680348,5818028,1766786.86666667,312034426.725,17327937724,2023-05-04,90.67,46,59.7394,55.477,54.955,74.6862,75.8243
WDC,Western Digital Corporation,37.67,6.83494044,7.81339439,-2.45986535,21.08646737,17.27895392,-24.85537602,Computer Peripherals,0.73923669,3.03934871,2.68988001,3.17925723,15492462,4484054.51666667,313970801.924,12028872610.000002,2023-04-27,63.26,29.73,42.4254,39.458,37.3435,51.2763,51.4608
STX,Seagate Technology Holdings PLC,66.12,7.26800779,7.90697674,2.94255021,26.56967841,21.58881942,-27.88744683,Computer Peripherals,0.90233685,2.19975301,2.32583684,3.080045,11543326,2559707.56666667,205191823.12800005,13652713139,2023-04-26,91.8,47.47,66.7832,66.264,60.339,80.716,68.24555
ANET,"Arista Networks, Inc.",167.86,-0.63928022,-0.59220656,20.93659942,39.18739635,47.1036719,21.47043925,Computer Peripherals,1.20760325,4.56044298,2.71282843,3.13422506,15189699,2586740.35,236231464.185,51431529638,2023-05-04,171.44,89.115,121.1288,145.225,134.6895,115.089725,87.57075
FTNT,"Fortinet, Inc.",66.46,5.50881092,5.62619199,11.6224387,36.88980433,34.01895543,-2.62556409,Computer Communications,0.89345828,1.55451481,1.49204485,2.74381795,22699788,5229241.2,713399699.552,52109044529,2023-05-04,71.516,42.6101,55.01524,59.508,55.1125,57.31378,40.6976
SMCI,"Super Micro Computer, Inc.",106.55,-3.86177028,-5.55752526,7.45260186,32.31094002,96.80458072,169.33771486,Computer Communications,1.06528167,4.41494258,5.29521188,5.8342953,7769287,1558025.5,46783545.85839999,5715039289,2023-05-02,118.36,34.11,69.02,94.227,88.766,53.8181,39.915952
WMG,Warner Music Group Corp.,33.37,5.93650794,7.4026392,6.54533844,-4.19178869,44.7094536,-11.29718235,Commercial Printing/Forms,0.65413735,2.45248314,2.2074676,2.83660316,4071538,1359134.53333333,124034517.552,17216879561.999996,2023-05-09,38.755,21.57,29.695,32.917,33.357,34.5248,
LYB,LyondellBasell Industries NV,93.89,8.45558508,10.91553455,-1.98350559,13.9856744,25.18666667,-9.88578558,Chemicals: Specialty,1.30261401,1.55642023,1.77841106,2.7869605,12646784,2113213.95,258177514.2,30607406285,2023-04-28,117.22,71.46,90.1984,93.849,89.8405,94.7929,87.80755
ECVT,Ecovyst Inc.,11.05,5.94439118,9.08193485,5.64053537,25.56818182,30.76923077,-4.65918896,Chemicals: Specialty,0.66152319,2.21402214,1.72730088,2.95468698,3215074,920674.43333333,95310516.428,1361294569,2023-05-11,11.91,8.2,9.7748,10.63,9.9445,11.0502,12.59825
CZR,"Caesars Entertainment, Inc.",48.81,15.11792453,17.47292419,-3.26991677,20.57806324,53.53884869,-36.79917131,Casinos/Gaming,0.80731794,4.28194298,2.94322904,4.66098395,12413783,3065340.01666667,205326355.743,10502967764,2023-05-02,80.99,31.31,46.9902,49.854,48.5435,70.3643,61.792625
MLCO,Melco Resorts & Entertainment Limited,12.73,5.90682196,10.31195841,-4.71556886,14.37556155,96.14791988,58.13664596,Casinos/Gaming,0.5925539,4.53074434,3.73896011,4.26779064,10256684,3606254.43333333,445085528.440524,5665980517,2023-05-04,14.2397,4.06,8.1763,12.7275,11.80425,10.07805,14.529375
LVS,Las Vegas Sands Corp.,57.45,5.70377185,6.17261135,-1.64355419,23.36267984,51.94393018,46.40672783,Casinos/Gaming,0.61134429,3.5260426,2.09850043,2.92045178,15278028,4960224.91666667,330325669.05700004,43907506061,2023-04-26,60.99,28.875,43.0818,56.948,52.7365,43.1761,49.4885
MGM,MGM Resorts International,44.42,8.05156896,9.11323999,3.30232558,35.67501527,50.93442066,3.54312354,Casinos/Gaming,0.78528786,2.9771374,1.89837489,3.12351835,16461726,4260450.11666667,308677520.629,16609234859.999998,2023-05-01,46.235,26.41,35.9776,42.808,39.639,39.3067,33.02
WYNN,"Wynn Resorts, Limited",111.91,5.00093826,6.73342871,1.76411749,39.5908694,74.859375,37.53226005,Casinos/Gaming,0.98821251,2.77727024,2.34915102,3.07128843,11847415,2519096.61666667,96371384.904,12722800986,2023-05-10,116.505,50.2,76.994,107.883,97.1095,86.3796,95.82375
IGT,International Game Technology,26.8,7.24289716,8.81039383,0,20.01791312,74.13905133,6.30702102,Casinos/Gaming,0.76332283,4.02761795,2.66109312,4.07655269,4225087,1072740.85,105849253.95,5421371666,2023-05-22,27.82,15.005,21.7324,26.016,25,23.3602,18.0624
WBD,"Warner Bros. Discovery, Inc. - Series A",15.1,7.85714286,6.33802817,-3.14304041,63.95222584,28.94961571,-40.94642159,Cable/Satellite TV,0.69528124,1.81818182,2.08847306,4.26129443,64228314,19920349.23333334,2212068459.1499996,36693454369,2023-04-25,27.5,8.82,13.8778,14.879,12.9855,20.7741,25.15335
AZEK,The AZEK Company Inc.,23.54,7.98165138,8.83032825,-2.32365145,15.2791381,42.14975845,-10.49429658,Building Products,0.66912247,6.95187166,3.06232117,3.52552872,5868471,1828248.76666667,146304934.916,3548216763.9999995,2023-05-09,30.26,15.12,20.3854,23.853,22.3335,28.8084,
PARA,Paramount Global,22.31,10.28175976,8.98876404,4.22798412,35.13022411,17.66877637,-40.93195658,Broadcasting,0.80114226,2.94252874,3.46465582,4.16885191,45554971,11308564.08333334,607979514.9399999,14656718283,2023-05-02,38.04,15.29,22.9012,21.997,20.409,30.0567,33.39495
APTV,Aptiv PLC,112.19,4.67437955,4.88967838,-4.39710268,20.94652868,40.2375,-6.86534949,Auto Parts: OEM,1.04583809,2.18534639,1.94053822,2.97077259,9384130,1826547.53333333,269346517.9,30397834598.000004,2023-05-04,124.88,77.96,100.1664,113.065,106.168,124.7956,110.54675
ADNT,Adient plc,40.96,8.10240169,10.16675632,-4.5666356,17.59977031,42.27162209,1.48662042,Auto Parts: OEM,0.77398002,1.89655172,2.21380678,3.5981368,3283771,916671.91666667,94031013.12040003,3906972725,2023-05-04,47.5,27.15,35.6896,42.106,39.8565,39.3905,31.8723
URBN,"Urban Outfitters, Inc.",27.72,4.56431535,8.28125,-3.27983252,16.81415929,43.77593361,8.19672131,Apparel/Footwear Retail,0.91888441,3.95670026,2.7975314,4.08119668,6927197,1612850.06666667,52566107.3998,2555111746.9999995,2023-05-23,29.74,17.8101,23.8196,27.246,26.934,28.0477,26.40195
ANF,Abercrombie & Fitch Company,27.75,12.71324127,13.54337152,-4.63917526,22.67904509,85.9919571,-14.79889469,Apparel/Footwear Retail,0.98795734,3.90625,3.82965212,4.691345,7562406,1685033.66666667,48004080.9214,1365819465.9999998,2023-06-01,38.49,14.02,22.5658,28.187,26.012,30.1869,23.87105
TPR,"Tapestry, Inc.",43.11,7.10559006,7.3188947,-1.46285714,15.42168675,52.00987306,11.22291022,Apparel/Footwear Retail,0.85043998,2.56440558,2.12464914,2.77144837,13930455,3369992.6,234989814.324,10177220890,2023-05-02,47.48,26.39,36.0382,43.147,40.9485,38.3142,31.82595
LEVI,Levi Strauss & Co,18.23,10.61893204,13.30018645,1.55988858,18.14646792,20.72847682,-10.41769042,Apparel/Footwear,1.20499471,1.44685587,2.80572855,3.09035131,12699901,2151698.2,84230526.2276,7186705067,2023-04-06,20.5,13.57,17.0318,17.473,16.8145,20.9818,19.3649
ONON,On Holding AG,31.03,-1.98989261,3.089701,41.68949772,82.52941176,89.20731707,18.34477498,Apparel/Footwear,1.55024207,4.74380442,4.37624493,5.43654187,26042988,3590628.58333333,183994386.116079,9821619832,2023-05-16,31.94,15.44,20.2568,23.687,21.011,,
SKX,"Skechers U.S.A., Inc.",47.52,5.81162325,8.39416058,6.40394089,14.92140266,48.08351511,15.67672833,Apparel/Footwear,0.84376736,2.50481696,2.23789481,2.79505619,7149553,1743527.11666667,131893981.836,7379076852,2023-04-20,49.56,31.28,39.9126,45.026,43.924,42.8908,38.7275
WWW,"Wolverine World Wide, Inc.",17.05,6.09831985,8.66794136,-1.21668598,60.54613936,6.69586984,-24.79047199,Apparel/Footwear,0.80854117,4.73427001,3.06290149,3.7849546,5438959,1461220.66666667,76484606.1264,1345817843,2023-05-10,24.08,9.6,17.1756,16.039,13.707,24.066,26.17825
PVH,PVH Corp.,89.16,22.53985706,22.74229075,11.03362391,28.41711076,97.43135518,11.31086142,Apparel/Footwear,2.88578794,3.52193995,4.87191264,3.69724555,12520283,1062966.51666667,62164251.1384,5591469314,2023-05-31,94.51,43.49,67.3292,81.521,77.4235,85.2542,81.7151
GOOS,Canada Goose Holdings Inc. Subordinate Voting Shares,19.25,8.38963964,7.421875,2.2848034,11.14318707,23.00319489,-29.27994122,Apparel/Footwear,0.76573623,5.30054645,3.30760117,3.74229408,8725524,2323806.51666667,53686639.4265,2027710739,2023-05-18,27.13,14.51,19.0262,19.416,19.223,27.7986,30.4432
RL,Ralph Lauren Corporation,116.67,5.02295436,5.48824593,-1.68534592,13.03042046,36.87236039,-1.11035769,Apparel/Footwear,1.05098634,2.68068331,2.67950894,2.74343272,4870603,943342.26666667,40111909.9924,7699998061.000001,2023-05-18,128.94,82.2311,103.2406,117.954,114.2995,110.8025,103.1241
CROX,"Crocs, Inc.",126.44,6.83565695,6.26103034,2.72993175,19.54240333,86.10538711,59.46525413,Apparel/Footwear,0.90323242,4.5609853,3.38964404,4.41756873,6890930,1575191.95,59485721.3685,7807889129,2023-05-04,143.4999,46.08,86.0556,121.8,113.943,103.9169,73.17825
ARNC,Arconic Corporation,26.23,-1.35389244,0.57515337,-1.39097744,24.84531176,52.5,1.27413127,Aluminum,2.07257891,3.97705545,3.576401,4.28178323,11353397,1159892.98333333,97462006.2946,2607245385.0000005,2023-05-02,31.24,16.33,24.5066,24.952,23.6105,28.3298,26.1055
EXPD,"Expeditors International of Washington, Inc.",110.12,5.38807541,5.93554594,5.06631047,5.56993577,21.61236886,4.7564688,Air Freight/Couriers,0.76673082,3.16735759,1.7740097,2.72025853,5508797,1435906.8,153397809.75599998,17002312674.000002,2023-05-02,119.9,86.08,103.9114,109.313,109.285,111.7461,96.8297
ZTO,ZTO Express (Cayman) Inc.,28.66,0.52613118,-0.24364775,14.18326693,7.38104159,20.42016807,12.83464567,Air Freight/Couriers,0.94425188,1.65609584,2.07102365,3.23664445,12980804,2799303.41666667,603578480.0473701,23098770808.018646,2023-05-17,29.79,16.27,25.491,27.079,26.563,27.3198,27.3888
SPR,"Spirit Aerosystems Holdings, Inc.",34.53,12.58558852,15.13837946,2.31111111,21.71307719,58.24931256,-29.77425259,Aerospace & Defense,0.77812207,2.78103044,3.83629297,4.34577179,7264292,1971932.08333333,104293172.25,3634292382,2023-05-03,48.96,21.14,30.5606,33.337,31.284,37.546,43.18625
ERJ,Embraer S.A.,16.37,5.74935401,5.95469256,26.3117284,51.71455051,90.57043073,26.89922481,Aerospace & Defense,0.9301642,1.83936235,2.0119411,2.8683721,7268462,1596279.4,183642395.895617,2991983999.7395997,2023-05-04,16.61,7.91,10.9888,13.828,12.4245,12.9507,12.16585
BA,Boeing Company (The),212.43,7.543158,8.65984655,5.44001588,13.296,72.51096313,8.93846154,Aerospace & Defense,0.84564926,1.77870287,2.0803749,3.20384614,24655121,6219637.03333333,597295977.28,127084025984,2023-04-26,221.33,113.02,167.5882,206.907,199.0935,191.1695,220.91735